{"cameraMode":{"drawMode":0,"name":"Shaded","section":"Shading Mode"},"sceneLighting":true,"audioPlay":false,"sceneViewState":{"m_AlwaysRefresh":false,"showFog":true,"showSkybox":true,"showFlares":true,"showImageEffects":true,"showParticleSystems":true,"showVisualEffectGraphs":true,"m_FxEnabled":true},"in2DMode":false,"pivot":{"x":7.222033500671387,"y":0.4127442538738251,"z":-2.8404340744018556},"rotation":{"x":0.06473798304796219,"y":0.7868294715881348,"z":-0.08385668694972992,"w":0.6085558533668518},"size":2.606125593185425,"orthographic":false}