{"cameraMode":{"drawMode":0,"name":"Shaded","section":"Shading Mode"},"sceneLighting":true,"audioPlay":false,"sceneViewState":{"m_AlwaysRefresh":false,"showFog":true,"showSkybox":true,"showFlares":true,"showImageEffects":true,"showParticleSystems":true,"showVisualEffectGraphs":true,"m_FxEnabled":true},"in2DMode":false,"pivot":{"x":2.8468055725097658,"y":0.8610942959785461,"z":-1.3083686828613282},"rotation":{"x":-0.1824665367603302,"y":0.41170546412467959,"z":-0.08456582576036453,"w":-0.8887944221496582},"size":5.225571155548096,"orthographic":false}